,single_tree,average_tree,centroid_tree,muscle,mafft
LRRD1,0.9473684210526315,0.8947368421052632,0.3684210526315789,0.10526315789473684,0.10526315789473684
TRAF6,0.9285714285714286,1.0,0.35714285714285715,0.0,0.0
KCNB2,0.96,1.0,0.2,0.12,0.12
